{
  "Ansi 5 Color" : {
    "Red Component" : 0.94692540168762207,
    "Color Space" : "Calibrated",
    "Blue Component" : 0.53065145015716553,
    "Alpha Component" : 1,
    "Green Component" : 0.12625342607498169
  },
  "Tags" : [

  ],
  "Ansi 12 Color" : {
    "Red Component" : 0.2349734902381897,
    "Color Space" : "Calibrated",
    "Blue Component" : 0.80728346109390259,
    "Alpha Component" : 1,
    "Green Component" : 0.80658745765686035
  },
  "Use Non-ASCII Font" : false,
  "Ansi 7 Color" : {
    "Red Component" : 0.91611063480377197,
    "Color Space" : "Calibrated",
    "Blue Component" : 0.79781103134155273,
    "Alpha Component" : 1,
    "Green Component" : 0.89001238346099854
  },
  "Bold Color" : {
    "Red Component" : 0.57437771558761597,
    "Color Space" : "Calibrated",
    "Blue Component" : 0.64215397834777832,
    "Alpha Component" : 1,
    "Green Component" : 0.63576483726501465
  },
  "Ansi 8 Color" : {
    "Red Component" : 0.32554008765146136,
    "Color Space" : "sRGB",
    "Blue Component" : 0.396575927734375,
    "Alpha Component" : 1,
    "Green Component" : 0.38088111746323156
  },
  "Ansi 9 Color" : {
    "Red Component" : 0.74176257848739624,
    "Color Space" : "Calibrated",
    "Blue Component" : 0.073530435562133789,
    "Alpha Component" : 1,
    "Green Component" : 0.21325300633907318
  },
  "Link Color" : {
    "Red Component" : 0.023000000044703484,
    "Color Space" : "Calibrated",
    "Blue Component" : 0.67799997329711914,
    "Alpha Component" : 1,
    "Green Component" : 0.27000001072883606
  },
  "Rows" : 28,
  "Default Bookmark" : "No",
  "Ansi 0 Color" : {
    "Red Component" : 0.091790772974491119,
    "Color Space" : "Calibrated",
    "Blue Component" : 0.11770747601985931,
    "Alpha Component" : 1,
    "Green Component" : 0.09926295280456543
  },
  "Cursor Guide Color" : {
    "Red Component" : 0.64999997615814209,
    "Color Space" : "Calibrated",
    "Blue Component" : 1,
    "Alpha Component" : 0.25,
    "Green Component" : 0.9100000262260437
  },
  "Non-ASCII Anti Aliased" : true,
  "Use Bright Bold" : true,
  "Ansi 10 Color" : {
    "Red Component" : 0.70992028713226318,
    "Color Space" : "Calibrated",
    "Blue Component" : 0.031573642045259476,
    "Alpha Component" : 1,
    "Green Component" : 0.83780181407928467
  },
  "Ambiguous Double Width" : false,
  "Jobs to Ignore" : [
    "rlogin",
    "ssh",
    "slogin",
    "telnet"
  ],
  "Ansi 15 Color" : {
    "Red Component" : 0.98943418264389038,
    "Color Space" : "Calibrated",
    "Blue Component" : 0.86405980587005615,
    "Alpha Component" : 1,
    "Green Component" : 0.95794391632080078
  },
  "Foreground Color" : {
    "Red Component" : 0.77538216114044189,
    "Color Space" : "Calibrated",
    "Blue Component" : 0.77537214756011963,
    "Alpha Component" : 1,
    "Green Component" : 0.77535903453826904
  },
  "Working Directory" : "\/Users\/onval",
  "Blinking Cursor" : false,
  "Disable Window Resizing" : true,
  "Sync Title" : false,
  "Prompt Before Closing 2" : 0,
  "BM Growl" : true,
  "Command" : "",
  "Description" : "Default",
  "Mouse Reporting" : true,
  "Screen" : -1,
  "Selection Color" : {
    "Red Component" : 0.12975054979324341,
    "Color Space" : "Calibrated",
    "Blue Component" : 0.15447914600372314,
    "Alpha Component" : 1,
    "Green Component" : 0.14523057639598846
  },
  "Columns" : 85,
  "Idle Code" : 0,
  "Ansi 13 Color" : {
    "Red Component" : 0.98556756973266602,
    "Color Space" : "Calibrated",
    "Blue Component" : 0.6742478609085083,
    "Alpha Component" : 1,
    "Green Component" : 0
  },
  "Custom Command" : "No",
  "ASCII Anti Aliased" : true,
  "Non Ascii Font" : "Monaco 12",
  "Vertical Spacing" : 1,
  "Use Bold Font" : true,
  "Option Key Sends" : 0,
  "Selected Text Color" : {
    "Red Component" : 0.868721604347229,
    "Color Space" : "Calibrated",
    "Blue Component" : 0.86871039867401123,
    "Alpha Component" : 1,
    "Green Component" : 0.86869561672210693
  },
  "Background Color" : {
    "Red Component" : 0.10079917311668396,
    "Color Space" : "Calibrated",
    "Blue Component" : 0.11756183207035065,
    "Alpha Component" : 1,
    "Green Component" : 0.11184309422969818
  },
  "Character Encoding" : 4,
  "Ansi 11 Color" : {
    "Red Component" : 0.98977565765380859,
    "Color Space" : "Calibrated",
    "Blue Component" : 0.42726671695709229,
    "Alpha Component" : 1,
    "Green Component" : 0.95591944456100464
  },
  "Thin Strokes" : 4,
  "Use Italic Font" : true,
  "Unlimited Scrollback" : false,
  "Keyboard Map" : {
    "0xf700-0x260000" : {
      "Text" : "[1;6A",
      "Action" : 10
    },
    "0x37-0x40000" : {
      "Text" : "0x1f",
      "Action" : 11
    },
    "0x32-0x40000" : {
      "Text" : "0x00",
      "Action" : 11
    },
    "0xf709-0x20000" : {
      "Text" : "[17;2~",
      "Action" : 10
    },
    "0xf70c-0x20000" : {
      "Text" : "[20;2~",
      "Action" : 10
    },
    "0xf729-0x20000" : {
      "Text" : "[1;2H",
      "Action" : 10
    },
    "0xf72b-0x40000" : {
      "Text" : "[1;5F",
      "Action" : 10
    },
    "0xf705-0x20000" : {
      "Text" : "[1;2Q",
      "Action" : 10
    },
    "0xf703-0x260000" : {
      "Text" : "[1;6C",
      "Action" : 10
    },
    "0xf700-0x220000" : {
      "Text" : "[1;2A",
      "Action" : 10
    },
    "0xf701-0x280000" : {
      "Text" : "0x1b 0x1b 0x5b 0x42",
      "Action" : 11
    },
    "0x38-0x40000" : {
      "Text" : "0x7f",
      "Action" : 11
    },
    "0x33-0x40000" : {
      "Text" : "0x1b",
      "Action" : 11
    },
    "0xf703-0x220000" : {
      "Text" : "[1;2C",
      "Action" : 10
    },
    "0xf701-0x240000" : {
      "Text" : "[1;5B",
      "Action" : 10
    },
    "0xf70d-0x20000" : {
      "Text" : "[21;2~",
      "Action" : 10
    },
    "0xf702-0x260000" : {
      "Text" : "[1;6D",
      "Action" : 10
    },
    "0xf729-0x40000" : {
      "Text" : "[1;5H",
      "Action" : 10
    },
    "0xf706-0x20000" : {
      "Text" : "[1;2R",
      "Action" : 10
    },
    "0x34-0x40000" : {
      "Text" : "0x1c",
      "Action" : 11
    },
    "0xf700-0x280000" : {
      "Text" : "0x1b 0x1b 0x5b 0x41",
      "Action" : 11
    },
    "0x2d-0x40000" : {
      "Text" : "0x1f",
      "Action" : 11
    },
    "0xf70e-0x20000" : {
      "Text" : "[23;2~",
      "Action" : 10
    },
    "0xf702-0x220000" : {
      "Text" : "[1;2D",
      "Action" : 10
    },
    "0x7f-0x100000" : {
      "Action" : 11,
      "Text" : "0x15"
    },
    "0xf703-0x280000" : {
      "Text" : "0x1b 0x1b 0x5b 0x43",
      "Action" : 11
    },
    "0xf700-0x240000" : {
      "Text" : "[1;5A",
      "Action" : 10
    },
    "0xf707-0x20000" : {
      "Text" : "[1;2S",
      "Action" : 10
    },
    "0xf70a-0x20000" : {
      "Text" : "[18;2~",
      "Action" : 10
    },
    "0x35-0x40000" : {
      "Text" : "0x1d",
      "Action" : 11
    },
    "0xf70f-0x20000" : {
      "Text" : "[24;2~",
      "Action" : 10
    },
    "0xf703-0x240000" : {
      "Text" : "[1;5C",
      "Action" : 10
    },
    "0xf701-0x260000" : {
      "Text" : "[1;6B",
      "Action" : 10
    },
    "0xf702-0x280000" : {
      "Text" : "0x1b 0x1b 0x5b 0x44",
      "Action" : 11
    },
    "0xf72b-0x20000" : {
      "Text" : "[1;2F",
      "Action" : 10
    },
    "0x36-0x40000" : {
      "Text" : "0x1e",
      "Action" : 11
    },
    "0xf708-0x20000" : {
      "Text" : "[15;2~",
      "Action" : 10
    },
    "0xf701-0x220000" : {
      "Text" : "[1;2B",
      "Action" : 10
    },
    "0xf70b-0x20000" : {
      "Text" : "[19;2~",
      "Action" : 10
    },
    "0xf702-0x240000" : {
      "Text" : "[1;5D",
      "Action" : 10
    },
    "0xf704-0x20000" : {
      "Text" : "[1;2P",
      "Action" : 10
    }
  },
  "Window Type" : 0,
  "Blur Radius" : 28.552785929568525,
  "Cursor Type" : 0,
  "Background Image Location" : "",
  "Blur" : true,
  "Badge Color" : {
    "Red Component" : 1,
    "Color Space" : "Calibrated",
    "Blue Component" : 0,